{"files":["local.local_wpvivid-fea6ac1b9b8ea_2025-08-11-14-19_backup_db.sql"],"tables":[{"name":"wp_latepoint_activities","size":16384,"rows":"0"},{"name":"wp_latepoint_process_jobs","size":16384,"rows":"0"},{"name":"wp_latepoint_processes","size":16384,"rows":"1"},{"name":"wp_latepoint_recurrences","size":16384,"rows":"0"},{"name":"wp_latepoint_steps","size":16384,"rows":"0"},{"name":"wp_latepoint_transaction_refunds","size":16384,"rows":"0"},{"name":"wp_latepoint_transactions","size":16384,"rows":"0"},{"name":"wp_wpforms_logs","size":16384,"rows":"1"},{"name":"wp_wpforms_tasks_meta","size":16384,"rows":"5"},{"name":"wp_actionscheduler_claims","size":32768,"rows":"0"},{"name":"wp_actionscheduler_groups","size":32768,"rows":"3"},{"name":"wp_e_events","size":32768,"rows":"0"},{"name":"wp_latepoint_agents","size":32768,"rows":"1"},{"name":"wp_latepoint_locations","size":32768,"rows":"1"},{"name":"wp_latepoint_order_intents","size":32768,"rows":"0"},{"name":"wp_latepoint_order_items","size":32768,"rows":"0"},{"name":"wp_latepoint_orders","size":32768,"rows":"0"},{"name":"wp_latepoint_sessions","size":32768,"rows":"0"},{"name":"wp_latepoint_settings","size":32768,"rows":"9"},{"name":"wp_latepoint_transaction_intents","size":32768,"rows":"0"},{"name":"wp_links","size":32768,"rows":"0"},{"name":"wp_term_relationships","size":32768,"rows":"16"},{"name":"wp_actionscheduler_logs","size":49152,"rows":"204"},{"name":"wp_commentmeta","size":49152,"rows":"0"},{"name":"wp_latepoint_agent_meta","size":49152,"rows":"0"},{"name":"wp_latepoint_booking_meta","size":49152,"rows":"0"},{"name":"wp_latepoint_bundle_meta","size":49152,"rows":"0"},{"name":"wp_latepoint_bundles","size":49152,"rows":"0"},{"name":"wp_latepoint_bundles_services","size":49152,"rows":"0"},{"name":"wp_latepoint_cart_items","size":49152,"rows":"0"},{"name":"wp_latepoint_cart_meta","size":49152,"rows":"0"},{"name":"wp_latepoint_customer_meta","size":49152,"rows":"0"},{"name":"wp_latepoint_location_categories","size":49152,"rows":"0"},{"name":"wp_latepoint_order_invoices","size":49152,"rows":"0"},{"name":"wp_latepoint_order_meta","size":49152,"rows":"0"},{"name":"wp_latepoint_payment_requests","size":49152,"rows":"0"},{"name":"wp_latepoint_service_categories","size":49152,"rows":"0"},{"name":"wp_latepoint_service_meta","size":49152,"rows":"5"},{"name":"wp_latepoint_step_settings","size":49152,"rows":"0"},{"name":"wp_term_taxonomy","size":49152,"rows":"5"},{"name":"wp_termmeta","size":49152,"rows":"10"},{"name":"wp_terms","size":49152,"rows":"5"},{"name":"wp_usermeta","size":49152,"rows":"30"},{"name":"wp_latepoint_agents_services","size":65536,"rows":"5"},{"name":"wp_latepoint_carts","size":65536,"rows":"1"},{"name":"wp_latepoint_custom_prices","size":65536,"rows":"0"},{"name":"wp_latepoint_customers","size":65536,"rows":"0"},{"name":"wp_latepoint_services","size":65536,"rows":"5"},{"name":"wp_users","size":65536,"rows":"1"},{"name":"wp_wpforms_payment_meta","size":65536,"rows":"0"},{"name":"wp_comments","size":98304,"rows":"1"},{"name":"wp_latepoint_blocked_periods","size":98304,"rows":"0"},{"name":"wp_latepoint_work_periods","size":98304,"rows":"7"},{"name":"wp_latepoint_bookings","size":147456,"rows":"0"},{"name":"wp_actionscheduler_actions","size":163840,"rows":"72"},{"name":"wp_wpforms_payments","size":163840,"rows":"0"},{"name":"wp_posts","size":180224,"rows":"106"},{"name":"wp_options","size":1622016,"rows":"311"},{"name":"wp_postmeta","size":1703936,"rows":"964"}],"dump_db":1,"file_type":"databases","home_url":"http:\/\/local.local","root_flag":"custom","php_version":"8.2.27","mysql_version":"8.0.35","wp_version":"6.8.2","find_zero_date":1,"file":"local.local_wpvivid-fea6ac1b9b8ea_2025-08-11-14-19_backup_db.part001.zip"}